"Index","Title","Mode","RMSD","Max dist.","Max dist atom index pair","ASL"
"1","3GCS_lig","In-place","15.8452209683","28.2222565753","18-18","not atom.element H"
"2","3GCS_lig","In-place","15.764244908","28.0061740339","18-18","not atom.element H"
"3","3GCS_lig","In-place","15.7700581927","28.0400931151","18-18","not atom.element H"
"4","3GCS_lig","In-place","15.7780237171","28.0236987693","18-18","not atom.element H"
"5","3GCS_lig","In-place","16.0227276549","28.3946073344","18-18","not atom.element H"
"6","3GCS_lig","In-place","15.915483015","28.0277433659","18-18","not atom.element H"
"7","3GCS_lig","In-place","16.032332374","27.8615351172","18-18","not atom.element H"
"8","3GCS_lig","In-place","15.9060655557","28.1755063206","18-18","not atom.element H"
"9","3GCS_lig","In-place","16.0244714191","28.4065909886","18-18","not atom.element H"
"10","3GCS_lig","In-place","16.006545228","27.8657334047","18-18","not atom.element H"
"11","3GCS_lig","In-place","13.6857221051","24.37168683","18-18","not atom.element H"
"12","3GCS_lig","In-place","12.002037588","16.3143449295","12-12","not atom.element H"
"13","3GCS_lig","In-place","14.581328129","18.5234500374","30-30","not atom.element H"
"14","3GCS_lig","In-place","14.6127547778","18.5052930943","32-32","not atom.element H"
"15","3GCS_lig","In-place","15.7726091612","28.2019777352","18-18","not atom.element H"
"16","3GCS_lig","In-place","12.8521929787","17.7071293397","12-12","not atom.element H"
"17","3GCS_lig","In-place","15.4718292829","25.1887434432","18-18","not atom.element H"
"18","3GCS_lig","In-place","15.5995424654","27.5340366711","18-18","not atom.element H"
"19","3GCS_lig","In-place","15.4126465575","25.4746445651","18-18","not atom.element H"
"20","3GCS_lig","In-place","13.1279252507","18.4062045655","12-12","not atom.element H"
"21","3GCS_lig","In-place","15.4842661883","25.5154225059","18-18","not atom.element H"
"22","3GCS_lig","In-place","12.9115520118","17.5744654407","12-12","not atom.element H"
"23","3GCS_lig","In-place","15.7825119349","26.67490435","18-18","not atom.element H"
"24","3GCS_lig","In-place","14.3815311847","18.4939165052","32-32","not atom.element H"
"25","3GCS_lig","In-place","12.8023707416","17.6026087537","12-12","not atom.element H"
"26","3GCS_lig","In-place","14.4922761287","18.4242456287","32-32","not atom.element H"
"27","3GCS_lig","In-place","14.4912170022","18.4772152895","32-32","not atom.element H"
"28","3GCS_lig","In-place","12.6714389776","17.5193355233","12-12","not atom.element H"
"29","3GCS_lig","In-place","15.6099864662","27.9846771698","18-18","not atom.element H"
"30","3GCS_lig","In-place","15.6540938308","27.7299925263","18-18","not atom.element H"
"31","3GCS_lig","In-place","15.4185773786","25.857132239","18-18","not atom.element H"
"32","3GCS_lig","In-place","16.4625534193","21.3076090969","18-18","not atom.element H"
"33","3GCS_lig","In-place","14.6293563548","18.8836651313","32-32","not atom.element H"
"34","3GCS_lig","In-place","12.4647625897","17.0244849807","12-12","not atom.element H"
"35","3GCS_lig","In-place","13.673589184","23.7329521643","18-18","not atom.element H"
"36","3GCS_lig","In-place","15.7875873018","27.8801598306","18-18","not atom.element H"
"37","3GCS_lig","In-place","15.8431054197","27.9388092702","18-18","not atom.element H"
"38","3GCS_lig","In-place","15.7413195974","28.0200202804","18-18","not atom.element H"
"39","3GCS_lig","In-place","15.742096181","28.0292281914","18-18","not atom.element H"
"40","3GCS_lig","In-place","13.6819250704","23.6141118598","18-18","not atom.element H"
"41","3GCS_lig","In-place","15.8413781746","27.9004998816","18-18","not atom.element H"
"42","3GCS_lig","In-place","15.9301198738","27.1412429154","18-18","not atom.element H"
"43","3GCS_lig","In-place","15.8894161366","27.2165105948","18-18","not atom.element H"
"44","3GCS_lig","In-place","15.8849393877","25.7133169411","18-18","not atom.element H"
"45","3GCS_lig","In-place","16.2658141357","24.3650203721","18-18","not atom.element H"
"46","3GCS_lig","In-place","14.6884070618","18.7737537191","30-30","not atom.element H"
"47","3GCS_lig","In-place","15.7446997694","27.8177986334","18-18","not atom.element H"
"48","3GCS_lig","In-place","15.8826597905","27.9982173613","18-18","not atom.element H"
"49","3GCS_lig","In-place","16.0636500061","28.3959196187","18-18","not atom.element H"
"50","3GCS_lig","In-place","15.8157979595","27.1150060648","18-18","not atom.element H"
"51","3GCS_lig","In-place","15.9304753978","28.2700412062","18-18","not atom.element H"
"52","3GCS_lig","In-place","15.7407336227","27.8511490823","18-18","not atom.element H"
"53","3GCS_lig","In-place","16.0173761578","28.2986381174","18-18","not atom.element H"
"54","3GCS_lig","In-place","15.978588784","28.233096776","18-18","not atom.element H"
"55","3GCS_lig","In-place","15.883252747","28.3168739051","18-18","not atom.element H"
"56","3GCS_lig","In-place","15.9668791396","28.2359357769","18-18","not atom.element H"
"57","3GCS_lig","In-place","16.476880658","20.358468192","32-32","not atom.element H"
"58","3GCS_lig","In-place","15.787317704","28.2370764518","18-18","not atom.element H"
"59","3GCS_lig","In-place","16.0046422671","27.8409087562","18-18","not atom.element H"
"60","3GCS_lig","In-place","16.6872008748","20.5272274479","32-32","not atom.element H"
"61","3GCS_lig","In-place","15.9723650302","28.2480144012","18-18","not atom.element H"
"62","3GCS_lig","In-place","16.011743582","26.9867077725","18-18","not atom.element H"
"63","3GCS_lig","In-place","15.9622777812","27.8724581884","18-18","not atom.element H"
"64","3GCS_lig","In-place","15.9209465248","28.452050439","18-18","not atom.element H"
"65","3GCS_lig","In-place","16.1865197611","28.7765573034","18-18","not atom.element H"
"66","3GCS_lig","In-place","14.3603695297","18.4668994459","32-32","not atom.element H"
"67","3GCS_lig","In-place","13.5459442295","17.4782553541","25-25","not atom.element H"
"68","3GCS_lig","In-place","13.463103496","24.0799488208","18-18","not atom.element H"
"69","3GCS_lig","In-place","16.3530422655","27.8792928395","18-18","not atom.element H"
"70","3GCS_lig","In-place","15.9477649539","28.2868585295","18-18","not atom.element H"
"71","3GCS_lig","In-place","15.7248135211","28.3073452259","18-18","not atom.element H"
"72","3GCS_lig","In-place","15.7831907508","27.9207514713","18-18","not atom.element H"
"73","3GCS_lig","In-place","13.8417847856","19.8902855708","22-23","not atom.element H"
"74","3GCS_lig","In-place","15.9877964293","27.9247245936","18-18","not atom.element H"
"75","3GCS_lig","In-place","13.5252643132","23.9862684052","18-18","not atom.element H"
"76","3GCS_lig","In-place","16.0101484423","28.0530013026","18-18","not atom.element H"
"77","3GCS_lig","In-place","12.8177885676","17.5549537718","12-12","not atom.element H"
"78","3GCS_lig","In-place","15.7715507741","28.3212803032","18-18","not atom.element H"
"79","3GCS_lig","In-place","16.0355475059","28.4611767645","18-18","not atom.element H"
"80","3GCS_lig","In-place","13.5680642888","24.4130254368","18-18","not atom.element H"
"81","3GCS_lig","In-place","13.0584084106","17.906689392","12-12","not atom.element H"
"82","3GCS_lig","In-place","15.8286917631","24.2224905039","18-18","not atom.element H"
"83","3GCS_lig","In-place","15.9688369153","28.1881176551","18-18","not atom.element H"
"84","3GCS_lig","In-place","13.034394477","16.8778741039","25-25","not atom.element H"
"85","3GCS_lig","In-place","15.9419834249","28.4344717678","18-18","not atom.element H"
"86","3GCS_lig","In-place","16.055134422","28.2387634631","18-18","not atom.element H"
"87","3GCS_lig","In-place","16.0133384526","28.096758281","18-18","not atom.element H"
"88","3GCS_lig","In-place","15.9694974136","27.6883609738","18-18","not atom.element H"
"89","3GCS_lig","In-place","15.7999069833","28.3707369957","18-18","not atom.element H"
"90","3GCS_lig","In-place","13.8365735438","24.1194829657","18-18","not atom.element H"
"91","3GCS_lig","In-place","16.2156043139","28.2041599424","18-18","not atom.element H"
"92","3GCS_lig","In-place","16.1083023698","27.8432903671","18-18","not atom.element H"
"93","3GCS_lig","In-place","14.2300066272","19.4814857255","14-14","not atom.element H"
"94","3GCS_lig","In-place","15.1310009827","19.1006399464","30-30","not atom.element H"
"95","3GCS_lig","In-place","12.0488819269","15.9744043771","32-32","not atom.element H"
"96","3GCS_lig","In-place","15.5562989342","28.5076455764","18-18","not atom.element H"
"97","3GCS_lig","In-place","15.6744938181","28.4807807976","18-18","not atom.element H"
"98","3GCS_lig","In-place","13.6202872472","24.3347398171","18-18","not atom.element H"
"99","3GCS_lig","In-place","13.7280586202","17.2892301653","25-25","not atom.element H"
"100","3GCS_lig","In-place","16.2643380668","20.5936354144","32-32","not atom.element H"
"101","3GCS_lig","In-place","16.5890736187","20.3882713098","32-32","not atom.element H"
"102","3GCS_lig","In-place","15.9141434195","20.2996121562","32-32","not atom.element H"
"103","3GCS_lig","In-place","11.0119249455","14.981858871","12-12","not atom.element H"
"104","3GCS_lig","In-place","11.0005077184","14.9552846138","12-12","not atom.element H"
"105","3GCS_lig","In-place","16.9220515396","27.6013047834","32-32","not atom.element H"
"106","3GCS_lig","In-place","13.0490851862","17.7416716863","32-32","not atom.element H"
"107","3GCS_lig","In-place","15.255307705","25.9299444552","18-18","not atom.element H"
"108","3GCS_lig","In-place","15.2624950325","20.7722934637","14-14","not atom.element H"
"109","3GCS_lig","In-place","15.2582117827","20.7680481721","14-14","not atom.element H"
"110","3GCS_lig","In-place","12.0829006579","16.4511538681","32-32","not atom.element H"
"111","3GCS_lig","In-place","15.1130639675","25.4905683362","18-18","not atom.element H"
"112","3GCS_lig","In-place","16.0788922222","24.2594422123","18-18","not atom.element H"
"113","3GCS_lig","In-place","15.8214643224","27.9581317694","18-18","not atom.element H"
"114","3GCS_lig","In-place","15.8204016326","27.9349347631","18-18","not atom.element H"
"115","3GCS_lig","In-place","14.4701086808","19.5997077787","32-32","not atom.element H"
"116","3GCS_lig","In-place","15.7361178793","27.8836953262","18-18","not atom.element H"
"117","3GCS_lig","In-place","15.5036730727","20.0761923301","32-32","not atom.element H"
"118","3GCS_lig","In-place","15.3759873187","27.9197409059","18-18","not atom.element H"
"119","3GCS_lig","In-place","11.791567013","16.8635235881","32-32","not atom.element H"
"120","3GCS_lig","In-place","15.6184386331","20.5569107299","32-32","not atom.element H"
"121","3GCS_lig","In-place","16.0499665717","24.2292121057","18-18","not atom.element H"
"122","3GCS_lig","In-place","15.6677970972","26.888485849","18-18","not atom.element H"
"123","3GCS_lig","In-place","13.3435189285","24.3857157799","18-18","not atom.element H"
"124","3GCS_lig","In-place","11.2597996213","15.0408185461","12-12","not atom.element H"
"125","3GCS_lig","In-place","11.9031285254","16.2228643369","18-18","not atom.element H"
"126","3GCS_lig","In-place","13.5976262834","19.967617492","32-32","not atom.element H"
"127","3GCS_lig","In-place","14.5785512963","26.1821496666","18-18","not atom.element H"
"128","3GCS_lig","In-place","15.1735530982","27.9285202248","18-18","not atom.element H"
"129","3GCS_lig","In-place","11.203628518","15.0284031667","12-12","not atom.element H"
"130","3GCS_lig","In-place","12.8817509026","17.2510685958","12-12","not atom.element H"
"131","3GCS_lig","In-place","12.3237970651","15.939262715","32-32","not atom.element H"
"132","3GCS_lig","In-place","15.1507766164","27.8664003958","18-18","not atom.element H"
"133","3GCS_lig","In-place","15.6326012529","28.1519061973","18-18","not atom.element H"
"134","3GCS_lig","In-place","14.4121619734","17.0631012426","32-32","not atom.element H"
"135","3GCS_lig","In-place","15.578980969","27.7392694993","18-18","not atom.element H"
"136","3GCS_lig","In-place","15.2841652883","27.8359560151","18-18","not atom.element H"
"137","3GCS_lig","In-place","15.9207237581","20.3423868238","32-32","not atom.element H"
"138","3GCS_lig","In-place","15.764633025","28.0986095912","18-18","not atom.element H"
"139","3GCS_lig","In-place","15.4109485714","27.8348775997","18-18","not atom.element H"
"140","3GCS_lig","In-place","15.9970334586","20.2718800739","32-32","not atom.element H"
"141","3GCS_lig","In-place","15.2813193572","27.8639082424","18-18","not atom.element H"
"142","3GCS_lig","In-place","12.5884429291","16.6963331428","32-32","not atom.element H"
"143","3GCS_lig","In-place","15.2876505372","27.8561655562","18-18","not atom.element H"
"144","3GCS_lig","In-place","15.2355537621","27.5681083002","18-18","not atom.element H"
"145","3GCS_lig","In-place","15.2812126866","27.7718104559","18-18","not atom.element H"
"146","3GCS_lig","In-place","14.6228142918","27.2923094018","18-18","not atom.element H"
"147","3GCS_lig","In-place","16.1942768791","20.0725471499","32-32","not atom.element H"
"148","3GCS_lig","In-place","16.1715735717","28.0965268789","18-18","not atom.element H"
"149","3GCS_lig","In-place","16.1838953889","20.2972463327","32-32","not atom.element H"
"150","3GCS_lig","In-place","15.2220078699","27.4988187544","18-18","not atom.element H"
"151","3GCS_lig","In-place","14.5699365712","18.4198661684","32-32","not atom.element H"
"152","3GCS_lig","In-place","16.0095713202","28.2619977983","18-18","not atom.element H"
"153","3GCS_lig","In-place","15.7323926827","21.6196970649","18-18","not atom.element H"
"154","3GCS_lig","In-place","15.358936621","27.8406525234","18-18","not atom.element H"
"155","3GCS_lig","In-place","15.3282018764","27.6020991775","18-18","not atom.element H"
"156","3GCS_lig","In-place","12.5257766807","16.7406368559","32-32","not atom.element H"
"157","3GCS_lig","In-place","15.3526436963","27.6545713416","18-18","not atom.element H"
"158","3GCS_lig","In-place","15.6011473055","20.4023844097","14-14","not atom.element H"
"159","3GCS_lig","In-place","14.3866149114","18.8922289964","18-18","not atom.element H"
"160","3GCS_lig","In-place","16.0195518146","28.3845477494","18-18","not atom.element H"
"161","3GCS_lig","In-place","16.0462991363","20.0511331902","32-32","not atom.element H"
"162","3GCS_lig","In-place","15.8386883245","27.8469115152","18-18","not atom.element H"
"163","3GCS_lig","In-place","15.3420287658","27.7645951339","18-18","not atom.element H"
"164","3GCS_lig","In-place","15.3204188891","27.3654396492","18-18","not atom.element H"
"165","3GCS_lig","In-place","13.9864896076","17.734078558","22-22","not atom.element H"
"166","3GCS_lig","In-place","15.5581713318","27.8672832478","18-18","not atom.element H"
"167","3GCS_lig","In-place","15.6661221288","28.0707626592","18-18","not atom.element H"
"168","3GCS_lig","In-place","15.346501656","27.3389598489","18-18","not atom.element H"
"169","3GCS_lig","In-place","13.2330024334","16.887381797","18-18","not atom.element H"
